{
  "AER": 0.19916666666666666,
  "ECE": 0.019338431060914277,
  "EOD_elderly": -0.05880529216277791,
  "EOD_migrant": -0.024959836929295737
}